Your Message:,output,flag,username,timestamp
hello,"hello, PA)

The city of Philadelphia is considering a $1.5 million renovation of the former Union Station, which was demolished in the 1970s.

The project is expected to cost $1.5 million, according to the city's website.

The project is expected to cost $1.5 million, according to the city's website.

The project is expected to cost $1.5 million, according to the city's website.

The project",,,2024-04-12 13:10:54.692382
why is the sky blue?,"Sorry, something went wrong with generating the response.",,,2024-04-12 13:11:13.006737
